{
  "total_time": 27.946935176849365,
  "avg_inf_time": 2.7908658266067503,
  "avg_doc_tokens": 537.2,
  "gt_score": 0.1612158108847706,
  "pred_score": 0.22177102047088915
}
