{
  "total_time": 556.7987878322601,
  "avg_inf_time": 5.563819837570191,
  "avg_doc_tokens": 451.77,
  "pred_score": 0.2502262687556295
}