{
  "total_time": 984.3304018974304,
  "avg_inf_time": 9.838938229084015,
  "avg_doc_tokens": 533.53,
  "gt_score": 0.14805827324400841,
  "pred_score": 0.261617456857385
}
