{
  "total_time": 49.856059312820435,
  "avg_inf_time": 4.98235023021698,
  "avg_doc_tokens": 433.9,
  "pred_score": 0.2867501863196429,
  "avg_doc_per_sec": 0.2007084917345223
}