{
  "total_time": 52.22577404975891,
  "avg_inf_time": 5.219031262397766,
  "avg_doc_tokens": 524.1,
  "gt_score": 0.1077184556375329,
  "pred_score": 0.21011995730847105
}
