{
  "total_time": 34.10604786872864,
  "avg_inf_time": 3.406381940841675,
  "avg_doc_tokens": 599.4,
  "gt_score": 0.11935215104894245,
  "pred_score": 0.24293754837044682
}
