{
  "total_time": 34.10604786872864,
  "avg_inf_time": 3.406381940841675,
  "avg_doc_tokens": 599.4,
  "pred_score": 0.23902935804240044
}