{
  "total_time": 185.23919463157654,
  "total_docs": 100,
  "avg_doc_per_sec": 0.5398425543734989,
  "avg_sec_per_doc": 1.8523919463157652,
  "pred_score": 0.2541642155995967
}