{
  "total_time": 23.4021258354187,
  "total_docs": 100,
  "avg_doc_per_sec": 4.273116070876424,
  "avg_sec_per_doc": 0.234021258354187,
  "pred_score": 0.25535623624720183
}