{
  "total_time": 665.3517646789551,
  "total_docs": 100,
  "avg_doc_per_sec": 0.1502964376268723,
  "avg_sec_per_doc": 6.653517646789552,
  "pred_score": 0.2788142604378999
}