{
  "total_time": 185.3553433418274,
  "avg_inf_time": 18.531368803977966,
  "avg_doc_tokens": 607.2,
  "pred_score": 0.20064770784808222
}