{
  "total_time": 33.663726806640625,
  "avg_inf_time": 3.3625781536102295,
  "avg_doc_tokens": 537.5,
  "gt_score": 0.13489049265734832,
  "pred_score": 0.2668975893577077
}
