{
  "total_time": 31.9023597240448,
  "avg_inf_time": 3.18690345287323,
  "avg_doc_tokens": 349.7,
  "gt_score": 0.1392072549674016,
  "pred_score": 0.380183198820962
}
