{
  "total_time": 49.856059312820435,
  "avg_inf_time": 4.98235023021698,
  "avg_doc_tokens": 433.9,
  "gt_score": 0.1577543415283694,
  "pred_score": 0.30715243958456667
}
