{
  "total_time": 27.946935176849365,
  "avg_inf_time": 2.7908658266067503,
  "avg_doc_tokens": 537.2,
  "pred_score": 0.25126349762884836,
  "avg_doc_per_sec": 0.35831174342617583
}