{
  "total_time": 217.4971342086792,
  "total_docs": 1000,
  "avg_doc_per_sec": 4.597761729773151,
  "avg_sec_per_doc": 0.21749713420867922,
  "pred_score": 0.24924576689389422
}