{
  "total_time": 1806.5672044754028,
  "avg_inf_time": 18.06140547990799,
  "avg_doc_tokens": 543.33,
  "pred_score": 0.2708642863228157
}