{
  "total_time": 18.76664710044861,
  "total_docs": 100,
  "avg_doc_per_sec": 5.328602358468687,
  "avg_sec_per_doc": 0.18766647100448608,
  "pred_score": 0.1114754763450942
}