{
  "total_time": 556.7987878322601,
  "avg_inf_time": 5.563819837570191,
  "avg_doc_tokens": 451.77,
  "gt_score": 0.14756053853166365,
  "pred_score": 0.28569728678012984
}
