{
  "total_time": 1806.5672044754028,
  "avg_inf_time": 18.06140547990799,
  "avg_doc_tokens": 543.33,
  "gt_score": 0.12854028418689317,
  "pred_score": 0.28658072099214044
}
