{
  "total_time": 33.663726806640625,
  "avg_inf_time": 3.3625781536102295,
  "avg_doc_tokens": 537.5,
  "pred_score": 0.22886219458175588,
  "avg_doc_per_sec": 0.2973908573474644
}