{
  "total_time": 233.35278129577637,
  "total_docs": 100,
  "avg_doc_per_sec": 0.4285357108011036,
  "avg_sec_per_doc": 2.333527812957764,
  "pred_score": 0.23336031485863223
}